analysis/mod-survey/findings/animated-vehicles.md	analysis/mod-survey/findings/systems-encounters/animated-vehicles.md
analysis/mod-survey/findings/animobject-swapper-conditions-examples.md	analysis/mod-survey/findings/frameworks-tools/animobject-swapper-conditions-examples.md
analysis/mod-survey/findings/animobject-swapper-modforge.md	analysis/mod-survey/findings/frameworks-tools/animobject-swapper-modforge.md
analysis/mod-survey/findings/animobject-swapper-overview-config.md	analysis/mod-survey/findings/frameworks-tools/animobject-swapper-overview-config.md
analysis/mod-survey/findings/animobject-swapper.md	analysis/mod-survey/findings/frameworks-tools/animobject-swapper.md
analysis/mod-survey/findings/annorim.md	analysis/mod-survey/findings/economy-building/annorim.md
analysis/mod-survey/findings/arrowblock.md	analysis/mod-survey/findings/systems-encounters/arrowblock.md
analysis/mod-survey/findings/base-object-swapper-conditions-examples-modforge.md	analysis/mod-survey/findings/frameworks-tools/base-object-swapper-conditions-examples-modforge.md
analysis/mod-survey/findings/base-object-swapper-config.md	analysis/mod-survey/findings/frameworks-tools/base-object-swapper-config.md
analysis/mod-survey/findings/base-object-swapper-overview.md	analysis/mod-survey/findings/frameworks-tools/base-object-swapper-overview.md
analysis/mod-survey/findings/base-object-swapper.md	analysis/mod-survey/findings/frameworks-tools/base-object-swapper.md
analysis/mod-survey/findings/campfire.md	analysis/mod-survey/findings/skills-survival/campfire.md
analysis/mod-survey/findings/civil-war-lines-expansion.md	analysis/mod-survey/findings/content/civil-war-lines-expansion.md
analysis/mod-survey/findings/civil-war-overhaul-redux.md	analysis/mod-survey/findings/systems-population/civil-war-overhaul-redux.md
analysis/mod-survey/findings/common-framework-mods-distribution-state.md	analysis/mod-survey/findings/frameworks-runtime/common-framework-mods-distribution-state.md
analysis/mod-survey/findings/common-framework-mods-expression-collision.md	analysis/mod-survey/findings/frameworks-runtime/common-framework-mods-expression-collision.md
analysis/mod-survey/findings/common-framework-mods.md	analysis/mod-survey/findings/frameworks-runtime/common-framework-mods.md
analysis/mod-survey/findings/conditional-expressions-effects.md	analysis/mod-survey/findings/frameworks-runtime/conditional-expressions-effects.md
analysis/mod-survey/findings/conditional-expressions-overview-api.md	analysis/mod-survey/findings/frameworks-runtime/conditional-expressions-overview-api.md
analysis/mod-survey/findings/conditional-expressions-patterns-modforge.md	analysis/mod-survey/findings/frameworks-runtime/conditional-expressions-patterns-modforge.md
analysis/mod-survey/findings/conditional-expressions.md	analysis/mod-survey/findings/frameworks-runtime/conditional-expressions.md
analysis/mod-survey/findings/constellations-config-esp-papyrus.md	analysis/mod-survey/findings/skills-survival/constellations-config-esp-papyrus.md
analysis/mod-survey/findings/constellations-config-json.md	analysis/mod-survey/findings/skills-survival/constellations-config-json.md
analysis/mod-survey/findings/constellations-modforge-eval.md	analysis/mod-survey/findings/skills-survival/constellations-modforge-eval.md
analysis/mod-survey/findings/constellations-overview.md	analysis/mod-survey/findings/skills-survival/constellations-overview.md
analysis/mod-survey/findings/constellations-vs-csf-and-modforge.md	analysis/mod-survey/findings/skills-survival/constellations-vs-csf-and-modforge.md
analysis/mod-survey/findings/constellations.md	analysis/mod-survey/findings/skills-survival/constellations.md
analysis/mod-survey/findings/cutting-room-floor.md	analysis/mod-survey/findings/systems-population/cutting-room-floor.md
analysis/mod-survey/findings/encounter-mods-comparison.md	analysis/mod-survey/findings/systems-encounters/encounter-mods-comparison.md
analysis/mod-survey/findings/encounter-mods-extended.md	analysis/mod-survey/findings/systems-encounters/encounter-mods-extended.md
analysis/mod-survey/findings/encounter-mods-iwe.md	analysis/mod-survey/findings/systems-encounters/encounter-mods-iwe.md
analysis/mod-survey/findings/encounter-mods.md	analysis/mod-survey/findings/systems-encounters/encounter-mods.md
analysis/mod-survey/findings/epw4npcs.md	analysis/mod-survey/findings/frameworks-tools/epw4npcs.md
analysis/mod-survey/findings/extended-encounters.md	analysis/mod-survey/findings/systems-encounters/extended-encounters.md
analysis/mod-survey/findings/extensible-follower-framework.md	analysis/mod-survey/findings/frameworks-runtime/extensible-follower-framework.md
analysis/mod-survey/findings/flst-factory-container-other.md	analysis/mod-survey/findings/systems-encounters/flst-factory-container-other.md
analysis/mod-survey/findings/flst-factory-modforge-builder.md	analysis/mod-survey/findings/systems-encounters/flst-factory-modforge-builder.md
analysis/mod-survey/findings/flst-factory-overview-index-aligned.md	analysis/mod-survey/findings/systems-encounters/flst-factory-overview-index-aligned.md
analysis/mod-survey/findings/flst-factory.md	analysis/mod-survey/findings/systems-encounters/flst-factory.md
analysis/mod-survey/findings/follower-commentary-overhaul.md	analysis/mod-survey/findings/content/follower-commentary-overhaul.md
analysis/mod-survey/findings/formlist-manipulator-config-advanced.md	analysis/mod-survey/findings/frameworks-tools/formlist-manipulator-config-advanced.md
analysis/mod-survey/findings/formlist-manipulator-config-core.md	analysis/mod-survey/findings/frameworks-tools/formlist-manipulator-config-core.md
analysis/mod-survey/findings/formlist-manipulator-modforge.md	analysis/mod-survey/findings/frameworks-tools/formlist-manipulator-modforge.md
analysis/mod-survey/findings/formlist-manipulator-overview.md	analysis/mod-survey/findings/frameworks-tools/formlist-manipulator-overview.md
analysis/mod-survey/findings/formlist-manipulator.md	analysis/mod-survey/findings/frameworks-tools/formlist-manipulator.md
analysis/mod-survey/findings/frostfall.md	analysis/mod-survey/findings/skills-survival/frostfall.md
analysis/mod-survey/findings/honed-metal.md	analysis/mod-survey/findings/economy-building/honed-metal.md
analysis/mod-survey/findings/im-glad-youre-here.md	analysis/mod-survey/findings/content/im-glad-youre-here.md
analysis/mod-survey/findings/immersive-citizens-ai-overhaul.md	analysis/mod-survey/findings/systems-population/immersive-citizens-ai-overhaul.md
analysis/mod-survey/findings/immersive-interactions.md	analysis/mod-survey/findings/systems-encounters/immersive-interactions.md
analysis/mod-survey/findings/immersive-patrols.md	analysis/mod-survey/findings/content/immersive-patrols.md
analysis/mod-survey/findings/immersive-wenches.md	analysis/mod-survey/findings/systems-population/immersive-wenches.md
analysis/mod-survey/findings/immersive-world-encounters-mechanism.md	analysis/mod-survey/findings/systems-encounters/immersive-world-encounters-mechanism.md
analysis/mod-survey/findings/immersive-world-encounters-records-modforge.md	analysis/mod-survey/findings/systems-encounters/immersive-world-encounters-records-modforge.md
analysis/mod-survey/findings/immersive-world-encounters.md	analysis/mod-survey/findings/systems-encounters/immersive-world-encounters.md
analysis/mod-survey/findings/improved-follower-dialogue-lydia.md	analysis/mod-survey/findings/content/improved-follower-dialogue-lydia.md
analysis/mod-survey/findings/inigo.md	analysis/mod-survey/findings/content/inigo.md
analysis/mod-survey/findings/iwh-ith.md	analysis/mod-survey/findings/frameworks-runtime/iwh-ith.md
analysis/mod-survey/findings/jcontainers-api-core-containers.md	analysis/mod-survey/findings/frameworks-runtime/jcontainers-api-core-containers.md
analysis/mod-survey/findings/jcontainers-api-db-and-rest.md	analysis/mod-survey/findings/frameworks-runtime/jcontainers-api-db-and-rest.md
analysis/mod-survey/findings/jcontainers-overview.md	analysis/mod-survey/findings/frameworks-runtime/jcontainers-overview.md
analysis/mod-survey/findings/jcontainers-patterns-and-eval.md	analysis/mod-survey/findings/frameworks-runtime/jcontainers-patterns-and-eval.md
analysis/mod-survey/findings/jcontainers.md	analysis/mod-survey/findings/frameworks-runtime/jcontainers.md
analysis/mod-survey/findings/jks-skyrim-setdressing.md	analysis/mod-survey/findings/systems-population/jks-skyrim-setdressing.md
analysis/mod-survey/findings/keyword-item-distributor-config-1.md	analysis/mod-survey/findings/frameworks-tools/keyword-item-distributor-config-1.md
analysis/mod-survey/findings/keyword-item-distributor-config-2.md	analysis/mod-survey/findings/frameworks-tools/keyword-item-distributor-config-2.md
analysis/mod-survey/findings/keyword-item-distributor-modforge.md	analysis/mod-survey/findings/frameworks-tools/keyword-item-distributor-modforge.md
analysis/mod-survey/findings/keyword-item-distributor-overview.md	analysis/mod-survey/findings/frameworks-tools/keyword-item-distributor-overview.md
analysis/mod-survey/findings/keyword-item-distributor.md	analysis/mod-survey/findings/frameworks-tools/keyword-item-distributor.md
analysis/mod-survey/findings/lorebox.md	analysis/mod-survey/findings/frameworks-tools/lorebox.md
analysis/mod-survey/findings/mcm-helper-config-json.md	analysis/mod-survey/findings/frameworks-tools/mcm-helper-config-json.md
analysis/mod-survey/findings/mcm-helper-modforge.md	analysis/mod-survey/findings/frameworks-tools/mcm-helper-modforge.md
analysis/mod-survey/findings/mcm-helper-overview.md	analysis/mod-survey/findings/frameworks-tools/mcm-helper-overview.md
analysis/mod-survey/findings/mcm-helper.md	analysis/mod-survey/findings/frameworks-tools/mcm-helper.md
analysis/mod-survey/findings/mgef-vmad-mechanism-support.md	analysis/mod-survey/findings/systems-encounters/mgef-vmad-mechanism-support.md
analysis/mod-survey/findings/mgef-vmad-properties-patterns.md	analysis/mod-survey/findings/systems-encounters/mgef-vmad-properties-patterns.md
analysis/mod-survey/findings/mgef-vmad.md	analysis/mod-survey/findings/systems-encounters/mgef-vmad.md
analysis/mod-survey/findings/missives-mechanism-records.md	analysis/mod-survey/findings/systems-encounters/missives-mechanism-records.md
analysis/mod-survey/findings/missives-modforge.md	analysis/mod-survey/findings/systems-encounters/missives-modforge.md
analysis/mod-survey/findings/missives.md	analysis/mod-survey/findings/systems-encounters/missives.md
analysis/mod-survey/findings/nether-follower-framework-structure.md	analysis/mod-survey/findings/frameworks-runtime/nether-follower-framework-structure.md
analysis/mod-survey/findings/nether-follower-framework-usage.md	analysis/mod-survey/findings/frameworks-runtime/nether-follower-framework-usage.md
analysis/mod-survey/findings/nether-follower-framework.md	analysis/mod-survey/findings/frameworks-runtime/nether-follower-framework.md
analysis/mod-survey/findings/npc-senses.md	analysis/mod-survey/findings/systems-encounters/npc-senses.md
analysis/mod-survey/findings/obis-patrols-addon.md	analysis/mod-survey/findings/systems-population/obis-patrols-addon.md
analysis/mod-survey/findings/papyrusutil-api-actor-misc-array.md	analysis/mod-survey/findings/frameworks-runtime/papyrusutil-api-actor-misc-array.md
analysis/mod-survey/findings/papyrusutil-api-storage-json.md	analysis/mod-survey/findings/frameworks-runtime/papyrusutil-api-storage-json.md
analysis/mod-survey/findings/papyrusutil-overview.md	analysis/mod-survey/findings/frameworks-runtime/papyrusutil-overview.md
analysis/mod-survey/findings/papyrusutil-patterns-and-eval.md	analysis/mod-survey/findings/frameworks-runtime/papyrusutil-patterns-and-eval.md
analysis/mod-survey/findings/papyrusutil.md	analysis/mod-survey/findings/frameworks-runtime/papyrusutil.md
analysis/mod-survey/findings/perk-entry-points-activate-choice.md	analysis/mod-survey/findings/systems-encounters/perk-entry-points-activate-choice.md
analysis/mod-survey/findings/perk-entry-points-fragment-glue.md	analysis/mod-survey/findings/systems-encounters/perk-entry-points-fragment-glue.md
analysis/mod-survey/findings/perk-entry-points-gaps.md	analysis/mod-survey/findings/systems-encounters/perk-entry-points-gaps.md
analysis/mod-survey/findings/perk-entry-points-impl.md	analysis/mod-survey/findings/systems-encounters/perk-entry-points-impl.md
analysis/mod-survey/findings/perk-entry-points-mechanism.md	analysis/mod-survey/findings/systems-encounters/perk-entry-points-mechanism.md
analysis/mod-survey/findings/perk-entry-points.md	analysis/mod-survey/findings/systems-encounters/perk-entry-points.md
analysis/mod-survey/findings/pirates-of-skyrim.md	analysis/mod-survey/findings/content/pirates-of-skyrim.md
analysis/mod-survey/findings/po3-tweaks.md	analysis/mod-survey/findings/frameworks-tools/po3-tweaks.md
analysis/mod-survey/findings/populated-prison-cells.md	analysis/mod-survey/findings/systems-population/populated-prison-cells.md
analysis/mod-survey/findings/populated-skyrim-civil-war.md	analysis/mod-survey/findings/systems-population/populated-skyrim-civil-war.md
analysis/mod-survey/findings/populated-skyrim-family.md	analysis/mod-survey/findings/systems-population/populated-skyrim-family.md
analysis/mod-survey/findings/proteus.md	analysis/mod-survey/findings/skills-survival/proteus.md
analysis/mod-survey/findings/real-estate.md	analysis/mod-survey/findings/economy-building/real-estate.md
analysis/mod-survey/findings/relationship-dialogue-overhaul.md	analysis/mod-survey/findings/content/relationship-dialogue-overhaul.md
analysis/mod-survey/findings/runtime-selector-global-concept-syntax.md	analysis/mod-survey/findings/systems-encounters/runtime-selector-global-concept-syntax.md
analysis/mod-survey/findings/runtime-selector-global-lifecycle-eval.md	analysis/mod-survey/findings/systems-encounters/runtime-selector-global-lifecycle-eval.md
analysis/mod-survey/findings/runtime-selector-linkedref-structure.md	analysis/mod-survey/findings/systems-encounters/runtime-selector-linkedref-structure.md
analysis/mod-survey/findings/runtime-selector-linkedref-wiring.md	analysis/mod-survey/findings/systems-encounters/runtime-selector-linkedref-wiring.md
analysis/mod-survey/findings/runtime-selector-patterns.md	analysis/mod-survey/findings/systems-encounters/runtime-selector-patterns.md
analysis/mod-survey/findings/settlement-npc-expansions.md	analysis/mod-survey/findings/systems-population/settlement-npc-expansions.md
analysis/mod-survey/findings/skse-menu-framework-3.md	analysis/mod-survey/findings/frameworks-tools/skse-menu-framework-3.md
analysis/mod-survey/findings/skypatcher-modforge-and-strategy.md	analysis/mod-survey/findings/frameworks-tools/skypatcher-modforge-and-strategy.md
analysis/mod-survey/findings/skypatcher-other-records.md	analysis/mod-survey/findings/frameworks-tools/skypatcher-other-records.md
analysis/mod-survey/findings/skypatcher-overview.md	analysis/mod-survey/findings/frameworks-tools/skypatcher-overview.md
analysis/mod-survey/findings/skypatcher-records-and-config.md	analysis/mod-survey/findings/frameworks-tools/skypatcher-records-and-config.md
analysis/mod-survey/findings/skypatcher.md	analysis/mod-survey/findings/frameworks-tools/skypatcher.md
analysis/mod-survey/findings/sm-subsystem-architecture-records.md	analysis/mod-survey/findings/systems-encounters/sm-subsystem-architecture-records.md
analysis/mod-survey/findings/sm-subsystem-nesting-patterns.md	analysis/mod-survey/findings/systems-encounters/sm-subsystem-nesting-patterns.md
analysis/mod-survey/findings/sm-subsystem-routing-builder.md	analysis/mod-survey/findings/systems-encounters/sm-subsystem-routing-builder.md
analysis/mod-survey/findings/sm-subsystem.md	analysis/mod-survey/findings/systems-encounters/sm-subsystem.md
analysis/mod-survey/findings/sound-record-distributor-modforge.md	analysis/mod-survey/findings/frameworks-tools/sound-record-distributor-modforge.md
analysis/mod-survey/findings/sound-record-distributor-overview-config.md	analysis/mod-survey/findings/frameworks-tools/sound-record-distributor-overview-config.md
analysis/mod-survey/findings/sound-record-distributor-records-filters.md	analysis/mod-survey/findings/frameworks-tools/sound-record-distributor-records-filters.md
analysis/mod-survey/findings/sound-record-distributor.md	analysis/mod-survey/findings/frameworks-tools/sound-record-distributor.md
analysis/mod-survey/findings/spellforge.md	analysis/mod-survey/findings/systems-encounters/spellforge.md
analysis/mod-survey/findings/spid-examples.md	analysis/mod-survey/findings/frameworks-tools/spid-examples.md
analysis/mod-survey/findings/spid-filters-string-form-level.md	analysis/mod-survey/findings/frameworks-tools/spid-filters-string-form-level.md
analysis/mod-survey/findings/spid-filters-traits-chance.md	analysis/mod-survey/findings/frameworks-tools/spid-filters-traits-chance.md
analysis/mod-survey/findings/spid-modforge-and-split.md	analysis/mod-survey/findings/frameworks-tools/spid-modforge-and-split.md
analysis/mod-survey/findings/spid-overview-syntax.md	analysis/mod-survey/findings/frameworks-tools/spid-overview-syntax.md
analysis/mod-survey/findings/spid.md	analysis/mod-survey/findings/frameworks-tools/spid.md
analysis/mod-survey/findings/supply-and-demand.md	analysis/mod-survey/findings/economy-building/supply-and-demand.md
analysis/mod-survey/findings/trade-and-barter.md	analysis/mod-survey/findings/economy-building/trade-and-barter.md
analysis/mod-survey/findings/tundra-defense.md	analysis/mod-survey/findings/economy-building/tundra-defense.md
analysis/mod-survey/findings/warzones-civil-unrest.md	analysis/mod-survey/findings/systems-population/warzones-civil-unrest.md
analysis/mod-survey/findings/wench-derivatives.md	analysis/mod-survey/findings/systems-population/wench-derivatives.md
analysis/skyrim_engine/session_log.md	analysis/skyrim_engine/archive/session_log.md
analysis/skyrim_mods/session_log.md	analysis/skyrim_mods/archive/session_log.md
